name,occurrences
sandwich,177
cereals,176
formula,168
candies,104
beverages,90
nuts,77
crackers,76
squash,54
cereal,51
pie,51
veal,48
babyfood,48
pretzels,43
beverage,42
candy,40
muffin,37
dip,31
substitute,31
popcorn,29
cheeseburger,26
water,26
hamburger,25
soymilk,25
biscuit,24
sub,23
ravioli,22
waffle,22
nectar,21
muffins,20
burrito,19
cupcake,19
loaf,18
syrup,18
crust,17
bowl,17
oatmeal,17
beets,16
collards,16
cornmeal,15
wheat,15
toast,15
chocolate,14
omelet,14
bagel,14
frostings,13
cowpeas,13
casserole,12
bagels,12
ostrich,12
taro,12
doughnut,12
fruit,12
brussels,12
stew,12
mein,12
quesadilla,12
biscuits,11
restaurant,11
novelties,11
taco,11
turnips,11
shake,11
poultry,10
coleslaw,10
tortellini,10
sundae,10
lentils,10
patty,10
breadsticks,10
cocoa,9
grits,9
syrups,9
ns,9
nachos,9
topping,9
curry,8
waffles,8
artichokes,8
toddler,8
wrap,7
lemonade,7
cola,7
cone,7
croissant,7
doughnuts,7
enchilada,7
sushi,7
,7
applesauce,7
products,6
bratwurst,6
plantain,6
kabob,6
chickpeas,6
plantains,6
sweeteners,6
souffle,6
succotash,6
replacement,6
tamale,6
goose,6
bran,6
mixture,6
cashews,6
dulce,6
snowpeas,6
raisins,5
palm,5
nfs,5
bulgur,5
pecans,5
bamboo,5
crepe,5
tortilla,5
hummus,5
congee,5
strudel,5
empanada,5
salsa,5
pounder,5
gumbo,5
nasoya,5
whey,5
pocket,5
chard,5
pockets,5
liquids,4
elk,4
currants,4
fricassee,4
filling,4
dinner,4
deer,4
rhubarb,4
flan,4
manicotti,4
fillings,4
tortillas,4
parfait,4
chowder,4
cobbler,4
stroganoff,4
beer,4
stuffing,4
suey,4
gum,4
pupusa,4
chrysanthemum,4
pickles,4
pheasant,4
pepperoni,4
mollusks,4
kielbasa,4
solids,4
raab,4
soda,4
quail,4
mac,3
hash,3
hominy,3
eggnog,3
drippings,3
rutabagas,3
style,3
icing,3
sodium,3
tamales,3
salsify,3
squab,3
jerky,3
mcmuffin,3
jute,3
extract,3
groats,3
goldfish,3
liqueur,3
taquito,3
lambsquarters,3
preserves,3
amaranth,3
relish,3
couscous,3
biryani,3
turnip,3
cornbread,3
convolvulus,3
parmigiana,3
quiche,3
cactus,3
punch,3
prunes,3
chimichanga,3
agave,3
chicory,3
whopper,3
protein,3
pods,3
pokeberry,3
product,3
popsicle,3
yung,3
caribou,3
recipe,3
borage,3
croutons,3
browns,3
cardoon,3
custards,3
mush,3
toppings,3
bologna,3
jams,2
pupusas,2
pickle,2
puppies,2
pigeonpeas,2
jr,2
sangria,2
boysenberries,2
menu,2
manhattan,2
back,2
peel,2
jackfruit,2
rum,2
hotcakes,2
pone,2
miso,2
russian,2
moose,2
ice,2
natto,2
pectin,2
soursop,2
marmalade,2
scrapple,2
rellenos,2
lunch,2
bisque,2
liverwurst,2
litchis,2
oats,2
margarita,2
nopales,2
semolina,2
rutabaga,2
sopaipilla,2
leche,2
sherbet,2
slider,2
scone,2
radicchio,2
rabbit,2
papad,2
martini,2
sauerkraut,2
pastrami,2
molasses,2
mousse,2
horseradish,2
gelatin,2
tuber,2
tuna,2
fajita,2
turnover,2
falafel,2
turtle,2
fern,2
taquitos,2
fizz,2
focaccia,2
breadstick,2
breadfruit,2
frybread,2
codfish,2
fudgesicle,2
trout,2
escarole,2
teff,2
broccoflower,2
tonic,2
daiquiri,2
crunchies,2
croissants,2
dosa,2
dough,2
broadbeans,2
tenders,2
dove,2
drum,2
horchata,2
teriyaki,2
emu,2
bulb,2
venison,2
colada,2
germ,2
walnuts,2
whiskey,2
calzone,2
chitterlings,2
guacamole,2
calamari,2
sweetener,2
chokecherries,2
grass,2
supplement,2
waterchestnuts,2
goat,2
gooseberries,2
yokan,2
celeriac,2
wafers,2
tallow,2
honey,2
catsup,2
gluten,2
cider,2
yautia,1
basbousa,1
barrel,1
animal,1
trifle,1
ambrosia,1
wieners,1
adobo,1
yachtwurst,1
yambean,1
triticale,1
wheels,1
pummelo,1
ratatouille,1
type,1
alexander,1
ale,1
beaver,1
tomatillos,1
alfalfa,1
quinces,1
vada,1
upma,1
agents,1
wellington,1
twists,1
puppy,1
raccoon,1
weed,1
vodka,1
rancheros,1
rarebit,1
raspberry,1
rinds,1
thermidor,1
arepa,1
rockefeller,1
sesbania,1
seven,1
shellfish,1
tai,1
tahini,1
sling,1
smelt,1
arrowroot,1
tabbouleh,1
artichoke,1
arugula,1
swisswurst,1
sweetbreads,1
baklava,1
spam,1
asadero,1
spanakopita,1
spoonbread,1
spritzer,1
sunrise,1
ascidians,1
squirrel,1
stack,1
substitutes,1
starfruit,1
azumaya,1
atole,1
seltzer,1
tamarind,1
selects,1
sambar,1
roni,1
rosemary,1
rounds,1
tiramisu,1
rowal,1
thyme,1
roy,1
thuringer,1
tetrazzini,1
saag,1
salmonberries,1
tequila,1
temple,1
seabreeze,1
barfi,1
sapodilla,1
sapote,1
tartare,1
scallopini,1
scampi,1
armadillo,1
scotch,1
tapioca,1
tapenade,1
tamarinds,1
screwdriver,1
avena,1
caramel,1
beerwurst,1
brown,1
frying,1
fritos,1
fresco,1
frescavena,1
breakfast,1
fondue,1
fireweed,1
feijoa,1
extender,1
escargot,1
epazote,1
england,1
brioche,1
elderberries,1
eclair,1
dukboki,1
dominicana,1
dock,1
divan,1
fufu,1
gimlet,1
gin,1
guisada,1
herring,1
heat,1
headcheese,1
hazelnuts,1
hayacas,1
haupia,1
harina,1
brandy,1
grouse,1
glug,1
groundhog,1
grill,1
griddle,1
greyhound,1
gras,1
grandules,1
grands,1
gordita,1
dishes,1
dha,1
hocks,1
dal,1
classico,1
cilantro,1
chutney,1
churros,1
christophine,1
chorizo,1
chiliburger,1
chilaquiles,1
chestnuts,1
cherimoya,1
cheez,1
chai,1
ceviche,1
cannelloni,1
capers,1
cerdo,1
celtuce,1
carambola,1
casino,1
clementine,1
clementines,1
cafeteria,1
cotija,1
custard,1
brulee,1
bruschetta,1
buckwheat,1
creole,1
creamsicle,1
crabapples,1
cough,1
cornstarch,1
cacciatore,1
burdock,1
cooler,1
contents,1
burgundy,1
composite,1
colorados,1
collins,1
buttermilk,1
hips,1
holes,1
popover,1
mimosa,1
okara,1
blanket,1
bleu,1
blossom,1
not,1
nettles,1
negros,1
bluberries,1
navel,1
naranjilla,1
nance,1
namasu,1
nail,1
n,1
mule,1
mulberries,1
bowls,1
mojito,1
mirepoix,1
bison,1
one,1
opossum,1
berry,1
beignet,1
poi,1
pocky,1
pimiento,1
pimento,1
pilaf,1
pig,1
pierogi,1
peppermint,1
pakora,1
bibimbap,1
pate,1
pasteles,1
parts,1
paper,1
pao,1
pannetone,1
pan,1
minestrone,1
michelada,1
idli,1
method,1
lambsquarter,1
ladoo,1
kumquats,1
kumquat,1
knockwurst,1
knish,1
knackwurst,1
keikitos,1
kamikaze,1
julep,1
jujube,1
johnnycake,1
joe,1
jicama,1
jellyfish,1
jambalaya,1
jam,1
jagerbomb,1
isolate,1
lasagne,1
lau,1
lefse,1
marshmallow,1
meringues,1
medley,1
meatloaf,1
meatless,1
mcnuggets,1
mcgriddles,1
mcdouble,1
mary,1
marsala,1
abiyuch,1
macaroon,1
loquats,1
loganberries,1
brains,1
lion,1
limeade,1
limas,1
licuado,1
zwieback,1
